{"is_source_file": false, "format": "", "description": "", "external_files": [], "external_methods": [], "published": [], "classes": [], "methods": [], "calls": [], "search-terms": [], "state": 2, "file_id": 10, "knowledge_revision": 21, "git_revision": "504696b4cbddd17b94c71a8f5d3ef0eccc51b2c5", "hash": "6c2104b8d219ed99234ae2d6329f4357", "format-version": 4, "code-base-name": "frontend", "filename": "frontend/src/index.css", "revision_history": [{"21": "504696b4cbddd17b94c71a8f5d3ef0eccc51b2c5"}]}