{"is_source_file": false, "format": "", "description": "", "external_files": [], "external_methods": [], "published": [], "classes": [], "methods": [], "calls": [], "search-terms": [], "state": 2, "file_id": 3, "knowledge_revision": 20, "git_revision": "504696b4cbddd17b94c71a8f5d3ef0eccc51b2c5", "hash": "d2b40d02d5f7873d8a6713bad837edd4", "format-version": 4, "code-base-name": "frontend", "filename": "frontend/public/index.html", "revision_history": [{"20": "504696b4cbddd17b94c71a8f5d3ef0eccc51b2c5"}]}