{"is_source_file": true, "format": "JavaScript (React JSX)", "description": "This file defines a React component named 'App' that manages a theme toggle between light and dark modes. It includes UI elements like a button, logo, and links, and handles theme state and side effects.", "external_files": ["./logo.svg", "./App.css"], "external_methods": ["React.useState", "React.useEffect"], "published": ["App"], "classes": [], "methods": [{"name": "App()", "description": "React functional component managing theme toggle and rendering the UI.", "scope": "", "scopeKind": ""}, {"name": "toggleTheme", "description": "Function that switches theme state between 'light' and 'dark'."}], "calls": ["document.documentElement.setAttribute", "setTheme", "prevTheme => prevTheme === 'light' ? 'dark' : 'light'", "React.useState", "React.useEffect"], "search-terms": ["React theme toggle", "useState", "useEffect", "App component", "light/dark mode", "React JSX"], "state": 2, "file_id": 9, "knowledge_revision": 24, "git_revision": "504696b4cbddd17b94c71a8f5d3ef0eccc51b2c5", "ctags": [{"_type": "tag", "name": "App", "path": "/home/kavia/workspace/code-generation/tic-tac-toe-web-game-202119-202128/frontend/src/App.js", "pattern": "/^function App() {$/", "language": "JavaScript", "kind": "function", "signature": "()"}, {"_type": "tag", "name": "Switch to ${theme === 'light' ? 'dark' : 'light'} mode", "path": "/home/kavia/workspace/code-generation/tic-tac-toe-web-game-202119-202128/frontend/src/App.js", "pattern": "/^          aria-label={`Switch to ${theme === 'light' ? 'dark' : 'light'} mode`}$/", "language": "JavaScript", "kind": "field", "scope": "App.aria", "scopeKind": "class"}, {"_type": "tag", "name": "toggleTheme", "path": "/home/kavia/workspace/code-generation/tic-tac-toe-web-game-202119-202128/frontend/src/App.js", "pattern": "/^          onClick={toggleTheme}$/", "language": "JavaScript", "kind": "field", "scope": "App.onClick", "scopeKind": "class"}], "hash": "b55dd9e6a018e59207d8e277dffd9e11", "format-version": 4, "code-base-name": "frontend", "filename": "frontend/src/App.js", "fields": [{"name": "aria-label={`Switch to ${theme === 'light' ? 'dark' : 'light'} mode`}", "scope": "App.aria", "scopeKind": "class", "description": "unavailable"}, {"name": "onClick={toggleTheme}", "scope": "App.onClick", "scopeKind": "class", "description": "unavailable"}], "revision_history": [{"24": "504696b4cbddd17b94c71a8f5d3ef0eccc51b2c5"}]}