{"is_source_file": false, "format": "", "description": "", "external_files": [], "external_methods": [], "published": [], "classes": [], "methods": [], "calls": [], "search-terms": [], "state": 2, "file_id": 1, "knowledge_revision": 14, "git_revision": "504696b4cbddd17b94c71a8f5d3ef0eccc51b2c5", "hash": "d001d53c059625c4bcf75bf5a7f3fcf0", "format-version": 4, "code-base-name": "frontend", "filename": "frontend/package.json", "revision_history": [{"14": "504696b4cbddd17b94c71a8f5d3ef0eccc51b2c5"}]}