{"is_source_file": false, "format": "", "description": "", "external_files": [], "external_methods": [], "published": [], "classes": [], "methods": [], "calls": [], "search-terms": [], "state": 2, "file_id": 4, "knowledge_revision": 18, "git_revision": "504696b4cbddd17b94c71a8f5d3ef0eccc51b2c5", "hash": "be6538e7523bc2e9da0743133d784136", "format-version": 4, "code-base-name": "frontend", "filename": "frontend/eslint.config.mjs", "revision_history": [{"18": "504696b4cbddd17b94c71a8f5d3ef0eccc51b2c5"}]}