{"is_source_file": false, "format": "", "description": "", "external_files": [], "external_methods": [], "published": [], "classes": [], "methods": [], "calls": [], "search-terms": ["CSS", "theme", "App", "toggle", "responsive"], "state": 2, "file_id": 6, "knowledge_revision": 17, "git_revision": "504696b4cbddd17b94c71a8f5d3ef0eccc51b2c5", "hash": "22f9e17cc1848b56dbb244518ac2707e", "format-version": 4, "code-base-name": "frontend", "filename": "frontend/src/App.css", "revision_history": [{"17": "504696b4cbddd17b94c71a8f5d3ef0eccc51b2c5"}]}