{"is_source_file": false, "format": "", "description": "", "external_files": [], "external_methods": [], "published": [], "classes": [], "methods": [], "calls": [], "search-terms": [], "state": 2, "file_id": 2, "knowledge_revision": 15, "git_revision": "504696b4cbddd17b94c71a8f5d3ef0eccc51b2c5", "hash": "d9d975cebe2ec20b6c652e1e4c12ccf0", "format-version": 4, "code-base-name": "frontend", "filename": "frontend/public/manifest.json", "revision_history": [{"15": "504696b4cbddd17b94c71a8f5d3ef0eccc51b2c5"}]}