{"is_source_file": true, "format": "JavaScript", "description": "This file serves as the entry point for a React web application, importing necessary libraries and components, and rendering the main App component into the DOM.", "external_files": ["./index.css", "./App"], "external_methods": ["ReactDOM.createRoot", "root.render"], "published": [], "classes": [], "methods": [{"name": "ReactDOM.createRoot", "description": "Creates a root for rendering React components."}, {"name": "root.render", "description": "Renders React elements into the root DOM node."}], "calls": ["ReactDOM.createRoot", "root.render", "document.getElementById"], "search-terms": ["react entry point", "ReactDOM", "render", "index.js"], "state": 2, "file_id": 8, "knowledge_revision": 25, "git_revision": "504696b4cbddd17b94c71a8f5d3ef0eccc51b2c5", "ctags": [{"_type": "tag", "name": "root", "path": "/home/kavia/workspace/code-generation/tic-tac-toe-web-game-202119-202128/frontend/src/index.js", "pattern": "/^const root = ReactDOM.createRoot(document.getElementById('root'));$/", "language": "JavaScript", "kind": "constant"}], "hash": "9fc5841375336fc175b49f8767a11383", "format-version": 4, "code-base-name": "frontend", "filename": "frontend/src/index.js", "revision_history": [{"25": "504696b4cbddd17b94c71a8f5d3ef0eccc51b2c5"}]}