{"is_source_file": false, "format": "", "description": "", "external_files": [], "external_methods": [], "published": [], "classes": [], "methods": [], "calls": [], "search-terms": [], "state": 2, "file_id": 11, "knowledge_revision": 16, "git_revision": "504696b4cbddd17b94c71a8f5d3ef0eccc51b2c5", "hash": "ebece526bc2eadd78ddd787a76c56607", "format-version": 4, "code-base-name": "frontend", "filename": "frontend/README.md", "revision_history": [{"16": "504696b4cbddd17b94c71a8f5d3ef0eccc51b2c5"}]}