{"is_source_file": false, "format": "", "description": "", "external_files": [], "external_methods": [], "published": [], "classes": [], "methods": [], "calls": [], "search-terms": [], "state": 2, "file_id": 5, "knowledge_revision": 23, "git_revision": "504696b4cbddd17b94c71a8f5d3ef0eccc51b2c5", "ctags": [], "hash": "1a77571e1a8cf36018a41bcedf60db75", "format-version": 4, "code-base-name": "frontend", "filename": "frontend/src/setupTests.js", "revision_history": [{"23": "504696b4cbddd17b94c71a8f5d3ef0eccc51b2c5"}]}